{
  "cfg_embedder": {
    "device": "cuda",
    "allow_tf32": true,
    "embedder_spec": "openclip:laion/CLIP-ViT-B-16-DataComp.XL-s13B-b90K",
    "embedder_amp": true,
    "embedder_amp_bf16": false,
    "embedder_compile": false,
    "embedder_optimum": false
  },
  "cfg_cls": {
    "cls_dataset": "ImageNet1K",
    "cls_split": "valid",
    "clip_prompts": true
  },
  "all_angle_mean": 84.37621284232925,
  "all_angle_std": 2.5356099209559027,
  "all_angle_histc": {
    "min": 0,
    "max": 180,
    "bins": 360,
    "counts": [0, 0, 0, 0, 0, 0, 0, 0, 0, 0, 0, 0, 0, 0, 0, 0, 0, 0, 0, 0, 0, 0, 0, 0, 0, 0, 0, 0, 0, 0, 0, 0, 0, 0, 0, 0, 0, 0, 0, 0, 0, 0, 0, 0, 0, 0, 0, 0, 0, 0, 0, 0, 0, 0, 0, 0, 0, 0, 0, 0, 0, 0, 0, 0, 0, 0, 0, 0, 0, 0, 0, 0, 0, 0, 0, 0, 0, 0, 0, 0, 0, 0, 0, 0, 0, 0, 0, 0, 0, 0, 0, 0, 0, 0, 0, 0, 0, 0, 0, 0, 0, 0, 0, 0, 0, 0, 0, 0, 0, 0, 0, 0, 0, 0, 0, 0, 0, 0, 0, 0, 0, 0, 0, 0, 0, 0, 0, 0, 0, 0, 0, 0, 2, 3, 9, 19, 60, 145, 298, 715, 1262, 2182, 3413, 4947, 6775, 8686, 11281, 14106, 18508, 24333, 31972, 42437, 57001, 78650, 108469, 151536, 215495, 303422, 430285, 609730, 853633, 1178590, 1593196, 2088610, 2641717, 3193332, 3705183, 4091528, 4287491, 4272940, 4032153, 3605214, 3062655, 2478793, 1930212, 1446274, 1053413, 746517, 520971, 357823, 243616, 165223, 110357, 73756, 48910, 32537, 21393, 13987, 9151, 5929, 3565, 2249, 1361, 851, 501, 275, 175, 82, 47, 24, 13, 9, 1, 1, 0, 1, 0, 0, 0, 0, 0, 0, 0, 0, 0, 0, 0, 0, 0, 0, 0, 0, 0, 0, 0, 0, 0, 0, 0, 0, 0, 0, 0, 0, 0, 0, 0, 0, 0, 0, 0, 0, 0, 0, 0, 0, 0, 0, 0, 0, 0, 0, 0, 0, 0, 0, 0, 0, 0, 0, 0, 0, 0, 0, 0, 0, 0, 0, 0, 0, 0, 0, 0, 0, 0, 0, 0, 0, 0, 0, 0, 0, 0, 0, 0, 0, 0, 0, 0, 0, 0, 0, 0, 0, 0, 0, 0, 0, 0, 0, 0, 0, 0, 0, 0, 0, 0, 0, 0, 0, 0, 0, 0, 0, 0, 0, 0, 0, 0, 0, 0, 0, 0, 0, 0, 0, 0, 0, 0, 0, 0, 0, 0, 0, 0, 0, 0, 0, 0, 0, 0, 0, 0, 0, 0, 0, 0, 0, 0, 0, 0, 0, 0, 0, 0, 0, 0, 0, 0, 0]
  },
  "angle_mean": 73.96385273856124,
  "angle_std": 2.4486190005318558,
  "angle_histc": {
    "min": 0,
    "max": 180,
    "bins": 360,
    "counts": [0, 0, 0, 0, 0, 0, 0, 0, 0, 0, 0, 0, 0, 0, 0, 0, 0, 0, 0, 0, 0, 0, 0, 0, 0, 0, 0, 0, 0, 0, 0, 0, 0, 0, 0, 0, 0, 0, 0, 0, 0, 0, 0, 0, 0, 0, 0, 0, 0, 0, 0, 0, 0, 0, 0, 0, 0, 0, 0, 0, 0, 0, 0, 0, 0, 0, 0, 0, 0, 0, 0, 0, 0, 0, 0, 0, 0, 0, 0, 0, 0, 0, 0, 0, 0, 0, 0, 0, 0, 0, 0, 0, 0, 0, 0, 0, 0, 0, 0, 0, 0, 0, 0, 0, 0, 0, 0, 0, 0, 0, 0, 0, 0, 0, 0, 0, 0, 0, 0, 0, 0, 0, 0, 0, 0, 0, 0, 0, 0, 0, 0, 0, 1, 3, 9, 19, 58, 136, 279, 665, 1134, 1865, 2768, 3662, 4378, 4593, 4551, 4174, 3746, 3242, 2786, 2410, 1922, 1716, 1315, 1064, 920, 681, 550, 397, 284, 215, 157, 111, 72, 45, 26, 19, 9, 9, 3, 3, 3, 0, 0, 0, 0, 0, 0, 0, 0, 0, 0, 0, 0, 0, 0, 0, 0, 0, 0, 0, 0, 0, 0, 0, 0, 0, 0, 0, 0, 0, 0, 0, 0, 0, 0, 0, 0, 0, 0, 0, 0, 0, 0, 0, 0, 0, 0, 0, 0, 0, 0, 0, 0, 0, 0, 0, 0, 0, 0, 0, 0, 0, 0, 0, 0, 0, 0, 0, 0, 0, 0, 0, 0, 0, 0, 0, 0, 0, 0, 0, 0, 0, 0, 0, 0, 0, 0, 0, 0, 0, 0, 0, 0, 0, 0, 0, 0, 0, 0, 0, 0, 0, 0, 0, 0, 0, 0, 0, 0, 0, 0, 0, 0, 0, 0, 0, 0, 0, 0, 0, 0, 0, 0, 0, 0, 0, 0, 0, 0, 0, 0, 0, 0, 0, 0, 0, 0, 0, 0, 0, 0, 0, 0, 0, 0, 0, 0, 0, 0, 0, 0, 0, 0, 0, 0, 0, 0, 0, 0, 0, 0, 0, 0, 0, 0, 0, 0, 0, 0, 0, 0, 0, 0, 0, 0, 0, 0, 0, 0, 0, 0, 0, 0, 0, 0, 0, 0, 0]
  },
  "mean_shift": [-0.008329693124453481, 0.01660373890801042, -0.010292579818284728, -0.029457873612530813, 0.013011509549575397, 0.011435882195287853, -0.004715713106347397, -0.0026436786293587656, 0.0034234394323986637, -0.01081045333535811, -0.023635790835850948, -0.022825909330963047, 0.015670109737770537, -0.007253563254429027, -0.013092567232236764, 0.026486613171189104, 0.013583647351115493, 0.04676565478668971, 0.01091701349292009, 0.01173027336660321, -0.00651756140958023, 0.004479748719573397, -0.01949827948691585, 0.016833842593472644, 0.0061431639125093356, -0.024345473766196515, -0.006028287442857687, 0.013830473100983075, -0.0026404350346943815, 0.010008699456145987, -0.0003552508903565468, 0.0024823135061920027, -0.021839310087612238, -0.020576252252138223, -0.020211947555374924, 0.010076047753886088, -0.012271446125784131, 0.0018605077212702605, 0.00993736618429131, -0.019056734997815503, 0.02774491899271291, 0.00378702773572415, -0.004430168357989461, -0.013647172275633487, -0.0014226756392786044, -0.0017934766234393464, -0.007726852485134261, 0.002151883096485399, 0.013558566968297818, 0.013612184976701979, 0.01927049639533651, -0.021384109451913255, -0.006280587498328679, -0.008282474871602026, 0.013254159964400176, -0.027935076180926853, 0.005203510383855899, 0.0017004762005433448, -0.0021049887025587645, -0.0123601338232179, -0.02328595567769168, -0.013677971483520375, -0.01009232324900993, -0.0007526360923534956, -0.00392379763953213, 0.005436738000088951, -0.024958143954827386, -0.009177931201080496, 0.0024345162860934205, 0.02624856449756014, -0.005213330167480746, 0.001829706209523138, 0.007672987390717316, -0.010997973873197335, -0.007816669125427942, -0.009820323871680007, -0.016187547502625365, 0.005323671449210378, 0.0028112899597801163, -0.01560254243631453, 0.01180665412776987, 0.007345742680481636, 0.022223624521842563, -0.010225091873258648, 0.0015435049027754575, -0.01666612698150653, -0.0037629857399934558, -0.011669940055778717, -0.0118156859823459, -0.010569201115581964, -0.011566866147891198, 0.004005472598150228, -0.007538892732000384, -0.004527302780174365, 0.001788295853574965, 0.006596118748138541, -0.0004386113920449862, 0.001108513542615256, 0.002333788254926476, -0.000548713920665905, 0.0010352550078391505, -0.0005686459951780854, 0.012788036990419202, -0.008003856127628535, 0.013703152070193753, 0.017943490794702085, -0.011626017006304173, 0.014893855633520138, 0.03430203253615007, -0.0034703500750410607, 0.01498010392612196, 0.01809062043357553, 0.01308789709387667, 0.005069712903397157, -0.011482533182746044, 0.011239279243074276, -0.015459067180014533, 0.0003578055845879136, -0.005006960017856328, 0.009901965651107604, -0.0037414960613212315, -0.02385773032954778, 0.016061377800101178, -0.008275086103223871, -0.002700800109357078, -0.04275072486725519, -0.012143010668802308, -0.0023682247443641224, 0.01626213039650522, -0.0015499831100279692, 0.019176929658164733, -0.003375674757014786, -0.02999498422275297, 0.024558810591512305, 0.007351272218188098, 0.0013338026363658717, 0.014125730654089421, 0.010751370261849079, 0.012691518966557928, -0.04370532818283028, -0.007274077354845944, 0.010725019630281314, -0.00633631631448021, -0.013394700462097247, -0.0033798245121999205, 0.004420287174553085, -0.0031641289313658495, 0.012998844850879546, -0.023100525732795356, -0.01044536624414221, 0.04548019686244196, 0.0222136804616527, -0.0015418462869519135, -0.01325274708350655, 0.01172275399811762, -0.007220115636762058, -0.026381206845545107, -0.029092828223284444, 0.002472057454415189, 0.007561596937996252, -0.02845488805260771, -0.011323609416926044, 0.012789380936615634, 0.0668109646302182, 0.008533573021967895, 0.015840656010173836, 0.033079485054740794, 0.013934407706507628, -0.001153674332046067, 0.006629286085719942, -0.01803379457457807, -0.0015071015299475412, 0.012590396360393788, 0.00010986736881197434, 0.011481189052458068, 0.028427320330743678, 0.015196880523962467, 0.051943218170519674, 0.027910165844223525, 0.01590287222524756, 0.009221947575696252, 0.021556377200760046, -0.027145323337304877, -0.00564687925648788, 0.00854452960055838, 0.03806044630959165, 0.003985329749643858, -0.008533517861090368, 0.027003972597789836, -0.00468715879776471, 0.014522491116317508, 0.007825762910491613, 0.003046695911636923, 0.011048606011608062, 0.004973240449740554, 0.0023928223103129127, -0.02523133625863293, 0.018443063328590643, 0.01578362241773516, 0.02191592929766019, 0.00010170228131999461, -0.014906723548386076, 0.003925285509651296, -0.05086132275399327, 0.006964462912601466, -0.001453403199953027, -0.00630805874104408, -0.0047025694314428235, -0.0074294127727660905, -0.03153355106576609, 0.002315023206503246, -0.018040575150292986, 0.004663774200479966, 