{
  "cfg_embedder": {
    "device": "cuda",
    "allow_tf32": true,
    "embedder_spec": "openclip:laion/CLIP-ViT-B-32-256x256-DataComp-s34B-b86K",
    "embedder_amp": true,
    "embedder_amp_bf16": false,
    "embedder_compile": false,
    "embedder_optimum": false
  },
  "cfg_cls": {
    "cls_dataset": "ImageNet1K",
    "cls_split": "valid",
    "clip_prompts": true
  },
  "all_angle_mean": 83.10729413261203,
  "all_angle_std": 2.390082867287241,
  "all_angle_histc": {
    "min": 0,
    "max": 180,
    "bins": 360,
    "counts": [0, 0, 0, 0, 0, 0, 0, 0, 0, 0, 0, 0, 0, 0, 0, 0, 0, 0, 0, 0, 0, 0, 0, 0, 0, 0, 0, 0, 0, 0, 0, 0, 0, 0, 0, 0, 0, 0, 0, 0, 0, 0, 0, 0, 0, 0, 0, 0, 0, 0, 0, 0, 0, 0, 0, 0, 0, 0, 0, 0, 0, 0, 0, 0, 0, 0, 0, 0, 0, 0, 0, 0, 0, 0, 0, 0, 0, 0, 0, 0, 0, 0, 0, 0, 0, 0, 0, 0, 0, 0, 0, 0, 0, 0, 0, 0, 0, 0, 0, 0, 0, 0, 0, 0, 0, 0, 0, 0, 0, 0, 0, 0, 0, 0, 0, 0, 0, 0, 0, 0, 0, 0, 0, 0, 0, 0, 0, 0, 0, 1, 0, 1, 5, 8, 35, 70, 190, 353, 769, 1396, 2329, 3819, 5510, 7307, 9817, 12649, 16773, 22298, 29536, 40266, 54516, 76174, 105876, 149022, 212922, 308713, 446800, 644984, 924017, 1302699, 1786458, 2361626, 2988180, 3603209, 4120037, 4459674, 4554344, 4385079, 3985560, 3418878, 2775955, 2144969, 1584070, 1127770, 778448, 526863, 351252, 232938, 153299, 100752, 65724, 42568, 27438, 17756, 11062, 7007, 4146, 2586, 1518, 915, 516, 286, 149, 63, 24, 16, 3, 3, 2, 1, 1, 0, 0, 0, 0, 0, 0, 0, 0, 0, 0, 0, 0, 0, 0, 0, 0, 0, 0, 0, 0, 0, 0, 0, 0, 0, 0, 0, 0, 0, 0, 0, 0, 0, 0, 0, 0, 0, 0, 0, 0, 0, 0, 0, 0, 0, 0, 0, 0, 0, 0, 0, 0, 0, 0, 0, 0, 0, 0, 0, 0, 0, 0, 0, 0, 0, 0, 0, 0, 0, 0, 0, 0, 0, 0, 0, 0, 0, 0, 0, 0, 0, 0, 0, 0, 0, 0, 0, 0, 0, 0, 0, 0, 0, 0, 0, 0, 0, 0, 0, 0, 0, 0, 0, 0, 0, 0, 0, 0, 0, 0, 0, 0, 0, 0, 0, 0, 0, 0, 0, 0, 0, 0, 0, 0, 0, 0, 0, 0, 0, 0, 0, 0, 0, 0, 0, 0, 0, 0, 0, 0, 0, 0, 0, 0, 0, 0, 0, 0, 0, 0, 0, 0, 0, 0, 0, 0, 0, 0, 0]
  },
  "angle_mean": 73.27311293207472,
  "angle_std": 2.3657900508492435,
  "angle_histc": {
    "min": 0,
    "max": 180,
    "bins": 360,
    "counts": [0, 0, 0, 0, 0, 0, 0, 0, 0, 0, 0, 0, 0, 0, 0, 0, 0, 0, 0, 0, 0, 0, 0, 0, 0, 0, 0, 0, 0, 0, 0, 0, 0, 0, 0, 0, 0, 0, 0, 0, 0, 0, 0, 0, 0, 0, 0, 0, 0, 0, 0, 0, 0, 0, 0, 0, 0, 0, 0, 0, 0, 0, 0, 0, 0, 0, 0, 0, 0, 0, 0, 0, 0, 0, 0, 0, 0, 0, 0, 0, 0, 0, 0, 0, 0, 0, 0, 0, 0, 0, 0, 0, 0, 0, 0, 0, 0, 0, 0, 0, 0, 0, 0, 0, 0, 0, 0, 0, 0, 0, 0, 0, 0, 0, 0, 0, 0, 0, 0, 0, 0, 0, 0, 0, 0, 0, 0, 0, 0, 1, 0, 1, 5, 8, 35, 69, 182, 332, 704, 1246, 2014, 3064, 3969, 4516, 4774, 4544, 4292, 3750, 3167, 2739, 2272, 1762, 1530, 1159, 977, 755, 655, 421, 341, 262, 175, 107, 62, 41, 24, 18, 13, 4, 4, 3, 1, 2, 0, 0, 0, 0, 0, 0, 0, 0, 0, 0, 0, 0, 0, 0, 0, 0, 0, 0, 0, 0, 0, 0, 0, 0, 0, 0, 0, 0, 0, 0, 0, 0, 0, 0, 0, 0, 0, 0, 0, 0, 0, 0, 0, 0, 0, 0, 0, 0, 0, 0, 0, 0, 0, 0, 0, 0, 0, 0, 0, 0, 0, 0, 0, 0, 0, 0, 0, 0, 0, 0, 0, 0, 0, 0, 0, 0, 0, 0, 0, 0, 0, 0, 0, 0, 0, 0, 0, 0, 0, 0, 0, 0, 0, 0, 0, 0, 0, 0, 0, 0, 0, 0, 0, 0, 0, 0, 0, 0, 0, 0, 0, 0, 0, 0, 0, 0, 0, 0, 0, 0, 0, 0, 0, 0, 0, 0, 0, 0, 0, 0, 0, 0, 0, 0, 0, 0, 0, 0, 0, 0, 0, 0, 0, 0, 0, 0, 0, 0, 0, 0, 0, 0, 0, 0, 0, 0, 0, 0, 0, 0, 0, 0, 0, 0, 0, 0, 0, 0, 0, 0, 0, 0, 0, 0, 0, 0, 0, 0, 0, 0, 0, 0, 0, 0, 0, 0, 0, 0]
  },
  "mean_shift": [-0.013120493110194805, -0.014301560447914825, 0.005166547314961209, -0.017663806061758085, 0.002408705596511424, -0.006419854504196848, -0.012716548464805822, -0.00027302280524629156, -0.006232792040573545, -0.000737472685975372, 0.03217907499719295, 0.008719406182676906, 0.00296979394792579, 0.04254018346954253, -0.006202020980933447, 0.00062641209538735, -0.03334272544889013, 0.4479997592371704, 0.012373894052204126, -0.032216192443986644, 0.018889631993675136, -0.027219876481195105, -0.023579808688728675, 0.0003915138929385283, -0.03571510701208854, -0.0021875337508201484, 0.0024161211902563816, 0.008727242268557315, 0.021102682715938133, 0.05520225758628282, -0.01130630143364891, -0.00040854842243410533, -0.007984418762413547, 5.978651607001801e-06, 0.00108396453648922, 0.0004097766032925575, -0.0042188421741168715, 0.0100307402299183, -0.007699364939226874, -0.011060673809469738, -0.009730411818570288, -0.017953691320551583, -0.007631374016838457, 0.00018607204460902716, -0.01679089723211786, -0.009920075402005095, 0.009886427700715716, -0.003414882739682289, -0.013408660141124277, -0.030762255812547813, -0.003424866423240892, 0.0013307424231735058, 0.009833668391541582, 0.012743215288593783, 0.06566448735627693, -0.013739285788556738, -0.008518741262794144, -0.0013622863476522617, -0.0173813850364648, 0.0016571734643861429, 0.001383018901297764, 0.009690589373354664, 0.0037831714163394634, -0.0003805409879037688, -0.012759518241300252, -0.016961532953213617, 0.0014907153463565922, -0.005633074226201862, -0.002077339228489145, -0.009571419579621796, -0.003652974390695745, -0.0014253047707802032, 0.009572081290826895, -0.008874087553858984, 0.015278093914296183, -0.044529396635499464, 0.012202789414935099, -0.012382772553775876, -0.01260076960038143, -0.007806205618291711, -0.0027656797338690363, -0.005290670161211819, -0.016568457029602437, -0.012859375299988608, 0.037738985436909116, -0.01708008482532925, 0.011364787902005482, -0.001618865877016651, 0.016362712275159005, -0.011396504587986573, 0.003965717427422786, -0.008080302871875458, -0.01516074547249358, 0.002942568147185375, -0.0042086042056616885, -0.009831003020423092, 0.0011702580156936894, 0.007813736456496701, 0.015377457259556982, 0.013462578193858064, 0.016133785660990402, -0.015106795321222746, 0.03206757356183079, -0.008226752793377963, -0.022545325274551865, -0.009023359015487948, -0.009138819569436607, -0.00992464725948143, 0.002284117373067711, -0.04543372883387696, -0.00781871008806833, 0.008083249362995846, 0.0007958195003724539, -0.0022282918542274282, -0.032976350475660866, 0.036294711859583904, -0.022608683362160452, 0.014989248707222867, -0.002784011372681123, 0.026315375927423022, -0.0017126534767943663, -0.009139855222399637, -0.00015038318708218866, 0.015097882704397957, -0.0033616839341221202, -0.01521970950227609, -0.0036370634450406947, -0.009797241225289908, -0.012544126631829423, 0.008587759768207325, -0.0008187993807632302, 0.017059155630491356, -0.017969643769715896, -0.0014996237808090522, 5.01119967829436e-05, -0.024961354666262797, 0.018231448943716255, 0.0028220280738471765, 0.007080662885414931, -0.0006813878252630095, -0.0015431459300601282, 0.011541715242036591, -0.01140357072082028, -0.0052108130479336275, 0.037488725970877566, 0.013751319174304657, 0.005604907815422485, -0.023495310958437904, -0.005428769202223631, -0.020248338239825383, 0.01583691483702715, -0.004323276666385937, 0.0009401766404297088, -0.005571599514778066, 0.004238644405869889, -0.004113114848709523, -0.011538829483991727, 0.017259435618319677, 0.005103037093956956, 0.008105661957805566, -0.019696078592498382, 0.011794557420916976, 0.039712618218913275, -0.006636226627474827, -0.010754117804535777, 0.009458602155847477, 0.008541359747817046, -0.00737387399714935, 0.007558238639875488, -0.008587873169769304, -0.007409918968747951, -0.009144217935597408, 0.010832622758499066, -0.014607557674994168, 0.036812277120392166, 0.01613965139203311, 0.0008673947307982599, 0.017183705821988707, 0.0073695494357835555, -0.01358437476107385, -0.01803826940991479, -0.007612220807665872, 0.009077283637353535, 0.012168682219459733, 0.012189825749394647, 0.01969649964176874, 0.001032373846624688, -0.0012713386747481123, 0.006202531394498949, -0.011455364647970702, 0.029514166156803686, 0.01523470712209004, 0.004839629794283683, 0.003076125156706548, 0.03559916855574528, -0.006653806279523708, -0.00552318897173711, 0.4471411150982975, 0.018796704607912287, -0.00856053295499558, -0.0366844194470544, -0.002667306836392381, 0.005544787263116305, -0.01470497762642743, -0.006909437017915039, 0.014094987618696033, -0.01307539358186972, 0.03507597395750229, 0.013220735670822322, -0.018641011811097865, -0.017773930358659713, 0.01637200567392836, 0.0007939728392590768, 